"Rank,",College/University,",",Average Early Career Pay,",",Average Student Loan Debt,",",College Risk Reward Indicator
"1,",Princeton University,",","$61,300 ",",","$6,600 ",",9.29",
"2,",CUNY – Bernard M Baruch College,",","$50,700 ",",","$5,511 ",",9.20",
"3,",CUNY – Queens College,",","$43,100 ",",","$4,745 ",",9.08",
"4,",Eastern New Mexico University – Main Campus,",","$35,800 ",",","$4,895 ",",7.31",
"5,",California Institute of Technology (Caltech),",","$72,600 ",",","$12,104 ",",6.00",
"6,",Florida International University (FIU),",","$43,800 ",",","$10,000 ",",4.38",
"7,",Hampton University,",","$39,900 ",",","$9,231 ",",4.32",
"8,",Harvard University,",","$61,400 ",",","$15,117 ",",4.06",
"9,",Yale University,",","$60,300 ",",","$14,853 ",",4.06",
"10,",National University,",","$48,600 ",",","$12,076 ",",4.02",
"11,",Massachusetts Institute of Technology (MIT),",","$74,900 ",",","$19,064 ",",3.93",
"12,",Wellesley College,",","$49,000 ",",","$12,956 ",",3.78",
"13,",Brigham Young University (BYU),",","$51,700 ",",","$14,021 ",",3.69",
"14,",California State University – Bakersfield (CSUB),",","$41,900 ",",","$11,735 ",",3.57",
"15,",CUNY – John Jay College Criminal Justice,",","$39,100 ",",","$11,246 ",",3.48",
"16,",Stanford University,",","$65,900 ",",","$19,230 ",",3.43",
"17,",University of California – Berkeley,",","$59,500 ",",","$17,584 ",",3.38",
"18,",California State University – Fresno (Fresno State),",","$43,000 ",",","$12,851 ",",3.35",
"19,",Cooper Union for The Advancement of Science and Art,",","$62,700 ",",","$19,072 ",",3.29",
"20,",Dartmouth College,",","$56,300 ",",","$17,171 ",",3.28",
"21,",Harvey Mudd College,",","$78,200 ",",","$24,503 ",",3.19",
"22,",Northeastern Illinois University,",","$42,000 ",",","$13,366 ",",3.14",
"23,","Touro College – New York, NY",",","$53,200 ",",","$17,000 ",",3.13",
"24,",University of Pennsylvania,",","$60,300 ",",","$19,442 ",",3.10",
"25,",North Georgia College and State University,",","$39,600 ",",","$12,892 ",",3.07",
"26,",CUNY – City College,",","$51,400 ",",","$16,942 ",",3.03",
"27,",Post University,",","$47,900 ",",","$15,995 ",",2.99",
"28,",Duke University,",","$60,600 ",",","$20,556 ",",2.95",
"29,","Hamilton College – Clinton, NY",",","$54,700 ",",","$18,941 ",",2.89",
"30,",Rice University,",","$63,900 ",",","$22,241 ",",2.87",
"31,",California State University – Fullerton (CSUF),",","$42,900 ",",","$14,965 ",",2.87",
"32,",California State University – Los Angeles (CSULA),",","$42,300 ",",","$14,788 ",",2.86",
"33,",Northwestern University,",","$56,300 ",",","$19,864 ",",2.83",
"34,",University of Texas – Pan American (UTPA),",","$42,100 ",",","$14,900 ",",2.83",
"35,",Louisiana Tech University,",","$47,000 ",",","$16,855 ",",2.79",
"36,","Cornell University – Ithaca, NY",",","$59,700 ",",","$21,411 ",",2.79",
"37,",Middlebury College,",","$50,100 ",",","$17,975 ",",2.79",
"38,",University of Houston (UH),",","$51,200 ",",","$18,453 ",",2.77",
"39,",Colorado School of Mines,",","$65,500 ",",","$23,667 ",",2.77",
"40,",Vanderbilt University,",","$57,300 ",",","$20,790 ",",2.76",
"41,",Tennessee Technological University (TTU),",","$50,800 ",",","$18,467 ",",2.75",
"42,",Barnard College – Columbia University,",","$48,300 ",",","$17,660 ",",2.73",
"43,","Bellevue University – Bellevue, NE",",","$42,600 ",",","$15,592 ",",2.73",
"44,",Friends University,",","$41,600 ",",","$15,289 ",",2.72",
"45,",Southern Utah University,",","$40,600 ",",","$14,978 ",",2.71",
"46,",New Mexico Institute of Mining and Technology (New Mexico Tech),",","$56,600 ",",","$20,944 ",",2.70",
"47,",West Virginia University Institute of Technology (WVU Tech),",","$55,700 ",",","$20,893 ",",2.67",
"48,",Coppin State University (CSU),",","$40,200 ",",","$15,084 ",",2.67",
"49,",Governors State University,",","$39,400 ",",","$14,808 ",",2.66",
"50,",California State University – Long Beach (CSULB),",","$43,800 ",",","$16,579 ",",2.64",
"51,",University of Washington – Bothell Campus,",","$50,900 ",",","$19,536 ",",2.61",
"52,",Grinnell College,",","$42,500 ",",","$16,315 ",",2.60",
"53,",Arizona State University (ASU),",","$48,400 ",",","$18,585 ",",2.60",
"54,",Utah Valley University,",","$43,700 ",",","$16,784 ",",2.60",
"55,",University of California – Davis (UC Davis),",","$51,000 ",",","$19,705 ",",2.59",
"56,",California State University – East Bay (CSUEB),",","$48,100 ",",","$18,684 ",",2.57",
"57,",University of Mary Washington,",","$44,800 ",",","$17,460 ",",2.57",
"58,",University of Texas at Dallas,",","$50,300 ",",","$19,613 ",",2.56",
"59,",Montana Tech of The University of Montana,",","$62,100 ",",","$24,448 ",",2.54",
"60,",Bucknell University,",","$57,100 ",",","$22,500 ",",2.54",
"61,",California State University – Dominguez Hills (CSUDH),",","$42,500 ",",","$16,768 ",",2.53",
"62,",Western Governors University (WGU),",","$50,200 ",",","$19,880 ",",2.53",
"63,",Boston College,",","$53,100 ",",","$21,139 ",",2.51",
"64,",Georgia Institute of Technology,",","$62,500 ",",","$24,891 ",",2.51",
"65,",Colgate University,",","$53,700 ",",","$21,405 ",",2.51",
"66,",Berklee College of Music,",","$39,700 ",",","$15,838 ",",2.51",
"67,",San Diego State University (SDSU) – Main Campus,",","$46,100 ",",","$18,400 ",",2.51",
"68,",University of California – Los Angeles (UCLA),",","$51,800 ",",","$20,759 ",",2.50",
"69,",Stevens Institute of Technology,",","$66,800 ",",","$26,804 ",",2.49",
"70,",Reed College,",","$47,600 ",",","$19,151 ",",2.49",
"71,",University of Washington (UW) – Main Campus,",","$53,500 ",",","$21,532 ",",2.48",
"72,",North Carolina State University (NCSU),",","$50,600 ",",","$20,482 ",",2.47",
"73,",University of California – Irvine (UCI),",","$49,900 ",",","$20,319 ",",2.46",
"74,",Kettering University,",","$64,700 ",",","$26,480 ",",2.44",
"75,",University of North Carolina at Chapel Hill (UNC),",","$46,200 ",",","$18,945 ",",2.44",
"76,",Wilmington University,",","$42,600 ",",","$17,486 ",",2.44",
"77,",Johns Hopkins University,",","$57,500 ",",","$23,627 ",",2.43",
"78,",SUNY – Maritime College,",","$65,200 ",",","$26,792 ",",2.43",
"79,",Southwestern Oklahoma State University,",","$39,500 ",",","$16,262 ",",2.43",
"80,",New Mexico State University – Main Campus,",","$45,100 ",",","$18,628 ",",2.42",
"81,",University of New Orleans (UNO),",","$45,500 ",",","$18,850 ",",2.41",
"82,",University of California – San Diego (UCSD),",","$52,400 ",",","$21,790 ",",2.40",
"83,",Carleton College,",","$44,000 ",",","$18,302 ",",2.40",
"84,",University of Utah,",","$48,100 ",",","$20,019 ",",2.40",
"85,",University of Florida (UF),",","$49,500 ",",","$20,642 ",",2.40",
"86,",Hodges University,",","$42,400 ",",","$17,775 ",",2.39",
"87,",University of Virginia (UVA) – Main Campus,",","$54,700 ",",","$22,933 ",",2.39",
"88,",University of Nevada – Las Vegas (UNLV),",","$43,800 ",",","$18,542 ",",2.36",
"89,",Colorado Technical University – Colorado Springs Campus,",","$46,000 ",",","$19,516 ",",2.36",
"90,",Washington and Lee University,",","$54,700 ",",","$23,224 ",",2.36",
"91,",Brown University,",","$57,100 ",",","$24,300 ",",2.35",
"92,",University of California – Santa Barbara (UCSB),",","$49,400 ",",","$21,045 ",",2.35",
"93,",Claremont McKenna College,",","$54,400 ",",","$23,232 ",",2.34",
"94,",Framingham State University,",","$42,200 ",",","$18,027 ",",2.34",
"95,",Mercy College,",","$40,700 ",",","$17,399 ",",2.34",
"96,",Washington University in St. Louis,",","$55,500 ",",","$23,858 ",",2.33",
"97,",California Polytechnic State University (CalPoly) – San Luis Obispo,",","$57,800 ",",","$24,880 ",",2.32",
"98,",University of Colorado at Colorado Springs,",","$45,900 ",",","$19,780 ",",2.32",
"99,",NYU Polytechnic School of Engineering,",","$64,800 ",",","$27,977 ",",2.32",
"100,",Georgetown University – Washington D.C.,",","$51,800 ",",","$22,464 ",",2.31",
"101,",New Jersey City University,",","$47,800 ",",","$20,763 ",",2.30",
"102,",University of Illinois at Urbana-Champaign (UIUC),",","$56,400 ",",","$24,600 ",",2.29",
"103,",Excelsior College,",","$52,600 ",",","$23,008 ",",2.29",
"104,",Davidson College,",","$48,800 ",",","$21,365 ",",2.28",
"105,",Missouri University of Science and Technology (S&T),",","$62,700 ",",","$27,591 ",",2.27",
"106,",South Dakota School of Mines & Technology,",","$62,300 ",",","$27,480 ",",2.27",
"107,",Southeastern Oklahoma State University,",","$43,900 ",",","$19,368 ",",2.27",
"108,",University of Michigan – Dearborn Campus,",","$50,100 ",",","$22,168 ",",2.26",
"109,",Kenyon College,",","$45,800 ",",","$20,323 ",",2.25",
"110,",Utah State University – Main Campus,",","$47,700 ",",","$21,200 ",",2.25",
"111,",San Jose State University (SJSU),",","$52,700 ",",","$23,467 ",",2.25",
"112,",Sonoma State University,",","$46,500 ",",","$20,744 ",",2.24",
"113,",University of Wisconsin (UW) – Platteville Campus,",","$54,800 ",",","$24,504 ",",2.24",
"114,",Colorado College (CC),",","$44,100 ",",","$19,756 ",",2.23",
"115,",Colby College,",","$48,700 ",",","$21,958 ",",2.22",
"116,",Whitman College,",","$42,400 ",",","$19,147 ",",2.21",
"117,",Oregon State University (OSU) – Main Campus,",","$48,600 ",",","$21,955 ",",2.21",
"118,","Clarkson University – Potsdam, NY",",","$61,900 ",",","$28,000 ",",2.21",
"119,",University of Texas at Arlington (UTA),",","$51,200 ",",","$23,210 ",",2.21",
"120,",University of North Florida (UNF),",","$42,400 ",",","$19,253 ",",2.20",
"121,",University of Arizona,",","$50,100 ",",","$22,761 ",",2.20",
"122,",Santa Clara University,",","$58,900 ",",","$26,759 ",",2.20",
"123,",University of Colorado – Denver Campus,",","$47,300 ",",","$21,502 ",",2.20",
"124,",Swarthmore College,",","$48,000 ",",","$21,866 ",",2.20",
"125,",Louisiana State University (LSU),",","$48,900 ",",","$22,294 ",",2.19",
"126,",Humboldt State University,",","$42,400 ",",","$19,351 ",",2.19",
"127,",CUNY – Hunter College,",","$45,800 ",",","$20,912 ",",2.19",
"128,",Rochester Institute of Technology (RIT),",","$56,900 ",",","$26,000 ",",2.19",
"129,",University of Michigan – Ann Arbor,",","$58,000 ",",","$26,510 ",",2.19",
"130,",University of California – Riverside (UCR),",","$46,300 ",",","$21,166 ",",2.19",
"131,",Worcester Polytechnic Institute (WPI),",","$63,700 ",",","$29,148 ",",2.19",
"132,",University of Illinois at Chicago,",","$50,500 ",",","$23,158 ",",2.18",
"133,",University of Chicago,",","$50,600 ",",","$23,223 ",",2.18",
"134,",Texas A&M University – Main Campus,",","$55,200 ",",","$25,540 ",",2.16",
"135,",University of Georgia (UGA),",","$46,600 ",",","$21,638 ",",2.15",
"136,",University of Notre Dame,",","$57,400 ",",","$26,674 ",",2.15",
"137,",Denison University,",","$45,900 ",",","$21,376 ",",2.15",
"138,",University of Maryland – College Park,",","$53,900 ",",","$25,131 ",",2.14",
"139,",University of California – Santa Cruz (UCSC),",","$48,400 ",",","$22,583 ",",2.14",
"140,",Lafayette College,",","$58,900 ",",","$27,497 ",",2.14",
"141,",University of Southern Mississippi (USM),",","$38,100 ",",","$17,806 ",",2.14",
"142,",Western Washington University,",","$46,000 ",",","$21,520 ",",2.14",
"143,",University of Richmond,",","$48,200 ",",","$22,550 ",",2.14",
"144,",Armstrong Atlantic State University (AASU),",","$42,300 ",",","$19,806 ",",2.14",
"145,",West Texas A & M University,",","$44,000 ",",","$20,682 ",",2.13",
"146,",University of Nevada – Reno (UNR),",","$47,800 ",",","$22,500 ",",2.12",
"147,",University of Oklahoma,",","$49,000 ",",","$23,151 ",",2.12",
"148,",Fort Lewis College,",","$41,100 ",",","$19,507 ",",2.11",
"149,",Florida Atlantic University (FAU),",","$44,600 ",",","$21,448 ",",2.08",
"150,",University of Connecticut (UConn) – Main Campus,",","$51,900 ",",","$24,999 ",",2.08",
"151,",San Francisco State University (SFSU),",","$47,200 ",",","$22,741 ",",2.08",
"152,",Emory University,",","$51,300 ",",","$24,741 ",",2.07",
"153,",James Madison University (JMU),",","$49,100 ",",","$23,732 ",",2.07",
"154,",Northeastern University,",","$55,000 ",",","$26,692 ",",2.06",
"155,",University of Houston Downtown (UHD),",","$47,800 ",",","$23,249 ",",2.06",
"156,",Virginia Military Institute (VMI) *,",","$54,900 ",",","$26,720 ",",2.05",
"157,",CUNY – Brooklyn College,",","$42,000 ",",","$20,500 ",",2.05",
"158,",Mississippi University for Women,",","$43,200 ",",","$21,095 ",",2.05",
"159,",The University of Texas (UT) – Health Science Center at San Antonio,",","$55,900 ",",","$27,337 ",",2.04",
"160,",California State University – San Bernardino (CSUSB),",","$41,000 ",",","$20,077 ",",2.04",
"161,",Oklahoma State University (OSU) – Main Campus,",","$46,100 ",",","$22,591 ",",2.04",
"162,",University of Wyoming (UW),",","$48,300 ",",","$23,708 ",",2.04",
"163,",Tufts University,",","$54,200 ",",","$26,616 ",",2.04",
"164,",Texas Tech University,",","$51,500 ",",","$25,306 ",",2.04",
"165,",Carnegie Mellon University (CMU),",","$64,700 ",",","$31,905 ",",2.03",
"166,","Cameron University – Lawton, OK",",","$41,500 ",",","$20,512 ",",2.02",
"167,",Prairie View A & M University,",","$55,600 ",",","$27,500 ",",2.02",
"168,","Wesleyan University – Middletown, CT",",","$46,400 ",",","$22,959 ",",2.02",
"169,",California State University – San Marcos (CSUSM),",","$44,500 ",",","$22,024 ",",2.02",
"170,",Rutgers University – New Brunswick Campus,",","$50,800 ",",","$25,228 ",",2.01",
"171,",Azusa Pacific University,",","$41,500 ",",","$20,612 ",",2.01",
"172,",Washington State University (WSU),",","$48,700 ",",","$24,298 ",",2.00",
"173,",Wentworth Institute of Technology,",","$55,500 ",",","$27,724 ",",2.00",
"174,",University of Washington – Tacoma Campus,",","$46,800 ",",","$23,396 ",",2.00",
"175,",University of Bridgeport (UB),",","$42,400 ",",","$21,200 ",",2.00",
"176,",California State University – Chico,",","$47,600 ",",","$23,820 ",",2.00",
"177,",Stony Brook University,",","$49,700 ",",","$24,884 ",",2.00",
"178,",University of Colorado – Boulder (CU),",","$50,000 ",",","$25,126 ",",1.99",
"179,",Ohio Northern University (ONU),",","$46,100 ",",","$23,276 ",",1.98",
"180,","Herzing University – Madison, WI",",","$49,300 ",",","$24,920 ",",1.98",
"181,",Park University,",","$43,700 ",",","$22,115 ",",1.98",
"182,",Molloy College,",","$54,900 ",",","$27,816 ",",1.97",
"183,",Oregon Institute of Technology (OIT),",","$58,500 ",",","$29,685 ",",1.97",
"184,",CUNY – College of Staten Island,",","$47,100 ",",","$23,908 ",",1.97",
"185,",Art Center College of Design,",","$57,800 ",",","$29,452 ",",1.96",
"186,",Purdue University – Main Campus,",","$55,500 ",",","$28,343 ",",1.96",
"187,",University of Arkansas – Main Campus,",","$47,200 ",",","$24,120 ",",1.96",
"188,","American InterContinental University (AIU) – Atlanta, GA",",","$43,500 ",",","$22,232 ",",1.96",
"189,",Virginia Polytechnic Institute and State University (Virginia Tech),",","$54,500 ",",","$27,865 ",",1.96",
"190,",Weber State University,",","$51,100 ",",","$26,148 ",",1.95",
"191,",North Dakota State University (NDSU),",","$49,400 ",",","$25,380 ",",1.95",
"192,",Fairfield University,",","$54,300 ",",","$27,918 ",",1.94",
"193,",University of Alaska – Anchorage Campus,",","$51,600 ",",","$26,569 ",",1.94",
"194,",University of Tulsa,",","$56,400 ",",","$29,161 ",",1.93",
"195,",University of Akron – Main Campus,",","$44,700 ",",","$23,124 ",",1.93",
"196,",Merrimack College,",","$52,400 ",",","$27,124 ",",1.93",
"197,",Colorado State University (CSU),",","$45,800 ",",","$23,721 ",",1.93",
"198,",South Dakota State University (SDSU),",","$44,700 ",",","$23,183 ",",1.93",
"199,",California State Polytechnic University – Pomona,",","$49,700 ",",","$25,780 ",",1.93",
"200,","Embry-Riddle Aeronautical University (ERAU) – Prescott, AZ",",","$55,800 ",",","$28,952 ",",1.93",
"201,",City University of Seattle,",","$48,200 ",",","$25,100 ",",1.92",
"202,",Drexel University,",","$55,900 ",",","$29,120 ",",1.92",
"203,",University of Texas (UT) – Austin,",","$52,200 ",",","$27,207 ",",1.92",
"204,","Wayne State University – Detroit, MI",",","$45,600 ",",","$23,785 ",",1.92",
"205,","University of Maryland, Baltimore County (UMBC)",",","$49,700 ",",","$25,925 ",",1.92",
"206,",Bentley University,",","$58,600 ",",","$30,602 ",",1.91",
"207,",University of Tennessee at Chattanooga (UTC),",","$41,000 ",",","$21,420 ",",1.91",
"208,",SUNY – Binghamton University,",","$49,100 ",",","$25,727 ",",1.91",
"209,","Dominican College – Orangeburg, NY",",","$43,200 ",",","$22,640 ",",1.91",
"210,",North Carolina A&T State University,",","$50,100 ",",","$26,265 ",",1.91",
"211,",University of Nebraska – Lincoln,",","$44,500 ",",","$23,395 ",",1.90",
"212,",American University – Washington D.C.,",","$45,000 ",",","$23,680 ",",1.90",
"213,",Rose-Hulman Institute of Technology (RHIT),",","$67,200 ",",","$35,420 ",",1.90",
"214,",Lehigh University,",","$60,400 ",",","$31,877 ",",1.89",
"215,",University of Portland,",","$50,200 ",",","$26,557 ",",1.89",
"216,",George Mason University,",","$51,400 ",",","$27,206 ",",1.89",
"217,",University of South Florida – Main Campus,",","$42,700 ",",","$22,611 ",",1.89",
"218,",Skidmore College,",","$43,200 ",",","$22,887 ",",1.89",
"219,",Southern Polytechnic State University,",","$52,100 ",",","$27,644 ",",1.88",
"220,",Rockhurst University,",","$46,800 ",",","$24,852 ",",1.88",
"221,",William Penn University,",","$41,700 ",",","$22,169 ",",1.88",
"222,",SUNY – Albany,",","$46,600 ",",","$24,779 ",",1.88",
"223,",Bob Jones University,",","$43,400 ",",","$23,092 ",",1.88",
"224,",McKendree University,",","$40,800 ",",","$21,731 ",",1.88",
"225,",Western New England College,",","$53,800 ",",","$28,672 ",",1.88",
"226,",Southern Connecticut State University (SCSU),",","$44,600 ",",","$23,781 ",",1.88",
"227,",Georgia College & State University (GCSU),",","$41,100 ",",","$21,919 ",",1.88",
"228,",Liberty University,",","$38,300 ",",","$20,451 ",",1.87",
"229,",Tuskegee University,",","$49,600 ",",","$26,500 ",",1.87",
"230,",Michigan State University (MSU),",","$48,800 ",",","$26,122 ",",1.87",
"231,",University of Wisconsin (UW) – Madison,",","$49,600 ",",","$26,579 ",",1.87",
"232,",University of Minnesota – Twin Cities,",","$50,000 ",",","$26,796 ",",1.87",
"233,",Illinois Institute of Technology (IIT),",","$59,400 ",",","$31,877 ",",1.86",
"234,",Christian Brothers University,",","$42,400 ",",","$22,759 ",",1.86",
"235,",Minot State University,",","$46,300 ",",","$24,856 ",",1.86",
"236,",University of Maine at Orono,",","$47,900 ",",","$25,726 ",",1.86",
"237,",University of Wisconsin (UW) – Oshkosh Campus,",","$44,600 ",",","$23,989 ",",1.86",
"238,",University of Southern California (USC),",","$53,000 ",",","$28,541 ",",1.86",
"239,",Mount Holyoke College,",","$44,400 ",",","$23,914 ",",1.86",
"240,",New York Institute of Technology (NYIT),",","$54,100 ",",","$29,244 ",",1.85",
"241,",Appalachian State University,",","$40,100 ",",","$21,693 ",",1.85",
"242,",University of Louisville,",","$43,200 ",",","$23,375 ",",1.85",
"243,","Wofford College – Spartanburg, SC",",","$46,200 ",",","$24,999 ",",1.85",
"244,",Northern Arizona University (NAU),",","$43,600 ",",","$23,602 ",",1.85",
"245,",Central Connecticut State University,",","$44,300 ",",","$24,000 ",",1.85",
"246,",University of Louisiana (UL) at Lafayette,",","$44,800 ",",","$24,336 ",",1.84",
"247,",California State University – Sacramento (CSUS),",","$46,900 ",",","$25,482 ",",1.84",
"248,",University of Miami (UM) – Florida,",","$49,300 ",",","$26,793 ",",1.84",
"249,",Ohio State University (OSU) – Main Campus,",","$49,300 ",",","$26,830 ",",1.84",
"250,",New York University (NYU),",","$51,400 ",",","$27,977 ",",1.84",
"251,",Bradley University,",","$50,100 ",",","$27,277 ",",1.84",
"252,",Salisbury University,",","$45,100 ",",","$24,567 ",",1.84",
"253,",Emerson College,",","$43,300 ",",","$23,606 ",",1.83",
"254,",Texas A&M University – Kingsville Campus,",","$54,700 ",",","$29,844 ",",1.83",
"255,",St. Lawrence University,",","$49,100 ",",","$26,792 ",",1.83",
"256,",University of Northern Iowa,",","$42,400 ",",","$23,163 ",",1.83",
"257,",Academy of Art University,",","$46,800 ",",","$25,575 ",",1.83",
"258,",Evergreen State College,",","$38,500 ",",","$21,054 ",",1.83",
"259,","Miami University – Oxford, OH",",","$49,700 ",",","$27,181 ",",1.83",
"260,",University of Central Florida (UCF),",","$42,700 ",",","$23,378 ",",1.83",
"261,",University of Texas at El Paso (UTEP),",","$43,800 ",",","$24,000 ",",1.83",
"262,",Rutgers University – Newark Campus,",","$49,200 ",",","$26,993 ",",1.82",
"263,",University of Louisiana – Monroe Campus,",","$44,300 ",",","$24,344 ",",1.82",
"264,",Fresno Pacific University,",","$40,000 ",",","$21,992 ",",1.82",
"265,",Pennsylvania College of Technology,",","$49,900 ",",","$27,464 ",",1.82",
"266,","Carroll College – Helena, MT",",","$49,000 ",",","$26,996 ",",1.82",
"267,",Georgia Southern University,",","$43,900 ",",","$24,201 ",",1.81",
"268,",University of Hawaii at Manoa,",","$44,000 ",",","$24,277 ",",1.81",
"269,",SUNY – College of Environmental Science and Forestry (SUNY-ESF),",","$45,800 ",",","$25,399 ",",1.80",
"270,",McNeese State University,",","$46,900 ",",","$26,016 ",",1.80",
"271,",University of Alabama – Huntsville Campus,",","$53,000 ",",","$29,421 ",",1.80",
"272,",Cleveland State University,",","$44,600 ",",","$24,856 ",",1.79",
"273,",University of Kansas,",","$45,300 ",",","$25,268 ",",1.79",
"274,",Kansas State University (KSU),",","$47,900 ",",","$26,779 ",",1.79",
"275,",College of the Holy Cross,",","$50,700 ",",","$28,354 ",",1.79",
"276,",The College of William and Mary,",","$45,900 ",",","$25,733 ",",1.78",
"277,",Alfred University,",","$49,600 ",",","$27,856 ",",1.78",
"278,","ITT Technical Institute – Indianapolis, IN",",","$49,600 ",",","$27,860 ",",1.78",
"279,",Auburn University,",","$48,300 ",",","$27,146 ",",1.78",
"280,",University of Idaho,",","$45,800 ",",","$25,753 ",",1.78",
"281,",Lesley University,",","$40,900 ",",","$23,000 ",",1.78",
"282,","Regis University – Denver, CO",",","$50,500 ",",","$28,461 ",",1.77",
"283,",American InterContinental University (AIU) – Online,",","$41,200 ",",","$23,256 ",",1.77",
"284,",University of Illinois at Springfield,",","$41,600 ",",","$23,507 ",",1.77",
"285,",DePaul University,",","$48,600 ",",","$27,498 ",",1.77",
"286,",Trinity College,",","$49,900 ",",","$28,237 ",",1.77",
"287,",University of Oregon,",","$43,300 ",",","$24,508 ",",1.77",
"288,",George Fox University,",","$44,400 ",",","$25,143 ",",1.77",
"289,",Gettysburg College,",","$48,900 ",",","$27,714 ",",1.76",
"290,",Central Washington University (CWU),",","$46,500 ",",","$26,360 ",",1.76",
"291,",Drew University,",","$43,700 ",",","$24,778 ",",1.76",
"292,",The Citadel – Military College of South Carolina *,",","$52,300 ",",","$29,701 ",",1.76",
"293,",SUNY – Geneseo,",","$41,000 ",",","$23,308 ",",1.76",
"294,",Midwestern State University (MSU),",","$44,900 ",",","$25,550 ",",1.76",
"295,",Wichita State University,",","$41,300 ",",","$23,534 ",",1.75",
"296,",Colorado Technical University – Online,",","$44,700 ",",","$25,472 ",",1.75",
"297,",University of Missouri – St. Louis Campus,",","$44,200 ",",","$25,208 ",",1.75",
"298,","Dickinson College – Carlisle, PA",",","$44,500 ",",","$25,392 ",",1.75",
"299,","Embry-Riddle Aeronautical University (ERAU) – Daytona Beach, FL",",","$57,300 ",",","$32,708 ",",1.75",
"300,",Case Western Reserve University,",","$58,400 ",",","$33,343 ",",1.75",
"301,",Montana State University – Main Campus,",","$47,600 ",",","$27,200 ",",1.75",
"302,","Marymount University – Arlington, VA",",","$46,400 ",",","$26,528 ",",1.75",
"303,",Farmingdale State College,",","$44,700 ",",","$25,572 ",",1.75",
"304,",University of Wisconsin (UW) – Stout Campus,",","$47,800 ",",","$27,397 ",",1.74",
"305,",Michigan Technological University,",","$62,800 ",",","$36,041 ",",1.74",
"306,",New Jersey Institute of Technology (NJIT),",","$55,200 ",",","$31,684 ",",1.74",
"307,",University of Missouri – Columbia,",","$44,100 ",",","$25,321 ",",1.74",
"308,",Florida State University (FSU),",","$42,400 ",",","$24,347 ",",1.74",
"309,","Oakland University – Rochester Hills, MI",",","$46,500 ",",","$26,724 ",",1.74",
"310,",University of Memphis (U of M),",","$43,900 ",",","$25,244 ",",1.74",
"311,",University of South Carolina – Upstate Campus,",","$39,400 ",",","$22,660 ",",1.74",
"312,",Westfield State University,",","$45,700 ",",","$26,326 ",",1.74",
"313,",West Virginia University (WVU) – Main Campus,",","$47,300 ",",","$27,332 ",",1.73",
"314,",University of Maryland – Baltimore Campus,",","$57,400 ",",","$33,184 ",",1.73",
"315,",Northwestern State University,",","$40,600 ",",","$23,476 ",",1.73",
"316,",California State University – Stanislaus,",","$43,500 ",",","$25,208 ",",1.73",
"317,",Catholic University of America,",","$48,400 ",",","$28,072 ",",1.72",
"318,",University of Cincinnati (UC),",","$48,600 ",",","$28,228 ",",1.72",
"319,",California State University – Northridge (CSUN),",","$43,000 ",",","$24,992 ",",1.72",
"320,",Towson University,",","$44,600 ",",","$25,926 ",",1.72",
"321,",Babson College,",","$60,700 ",",","$35,290 ",",1.72",
"322,",University of Tennessee,",","$45,300 ",",","$26,344 ",",1.72",
"323,",Clemson University,",","$51,900 ",",","$30,213 ",",1.72",
"324,",Widener University – Main Campus,",","$46,000 ",",","$26,822 ",",1.72",
"325,",Iowa State University,",","$49,500 ",",","$28,880 ",",1.71",
"326,",Angelo State University,",","$43,700 ",",","$25,508 ",",1.71",
"327,",California Lutheran University (CLU),",","$41,500 ",",","$24,230 ",",1.71",
"328,",Smith College,",","$42,400 ",",","$24,758 ",",1.71",
"329,",Hofstra University,",","$47,600 ",",","$27,808 ",",1.71",
"330,","Wayne State College – Wayne, NE",",","$38,100 ",",","$22,260 ",",1.71",
"331,",DePauw University,",","$46,200 ",",","$27,005 ",",1.71",
"332,",Idaho State University (ISU),",","$45,200 ",",","$26,445 ",",1.71",
"333,",Truman State University,",","$40,300 ",",","$23,585 ",",1.71",
"334,",University of North Carolina at Charlotte (UNCC),",","$45,200 ",",","$26,488 ",",1.71",
"335,",Gonzaga University,",","$50,300 ",",","$29,513 ",",1.70",
"336,",University of Massachusetts (UMass) – Boston Campus,",","$46,300 ",",","$27,229 ",",1.70",
"337,",Worcester State University,",","$43,600 ",",","$25,654 ",",1.70",
"338,",University of North Dakota,",","$46,000 ",",","$27,088 ",",1.70",
"339,",Texas State University – San Marcos Campus,",","$44,200 ",",","$26,031 ",",1.70",
"340,",Seattle University,",","$49,300 ",",","$29,044 ",",1.70",
"341,",Franklin and Marshall College,",","$46,500 ",",","$27,474 ",",1.69",
"342,",Clarion University of Pennsylvania,",","$36,400 ",",","$21,507 ",",1.69",
"343,",University of North Carolina at Asheville (UNCA),",","$35,700 ",",","$21,105 ",",1.69",
"344,",University of Massachusetts (UMass) – Lowell Campus,",","$51,600 ",",","$30,505 ",",1.69",
"345,",Indiana State University,",","$44,400 ",",","$26,256 ",",1.69",
"346,",Southern Illinois University (SIU) – Edwardsville Campus,",","$46,800 ",",","$27,681 ",",1.69",
"347,","Chamberlain College of Nursing – Addison, IL",",","$61,300 ",",","$36,304 ",",1.69",
"348,",Harding University,",","$40,700 ",",","$24,120 ",",1.69",
"349,",Pittsburg State University,",","$39,300 ",",","$23,307 ",",1.69",
"350,",University of Alaska – Fairbanks Campus,",","$50,400 ",",","$29,906 ",",1.69",
"351,",Baylor University,",","$46,800 ",",","$27,832 ",",1.68",
"352,",University of Rochester,",","$51,400 ",",","$30,604 ",",1.68",
"353,",University of Vermont (UVM),",","$45,800 ",",","$27,276 ",",1.68",
"354,",Wagner College,",","$48,500 ",",","$28,888 ",",1.68",
"355,",University of Wisconsin (UWEC) – Eau Claire,",","$44,000 ",",","$26,210 ",",1.68",
"356,",University of North Texas (UNT),",","$43,600 ",",","$25,976 ",",1.68",
"357,",Southeastern Louisiana University,",","$39,400 ",",","$23,488 ",",1.68",
"358,","Wheaton College – Wheaton, IL",",","$43,500 ",",","$25,939 ",",1.68",
"359,",Loyola Marymount University,",","$50,700 ",",","$30,243 ",",1.68",
"360,",Middle Tennessee State University (MTSU),",","$41,600 ",",","$24,834 ",",1.68",
"361,",Rollins College,",","$44,700 ",",","$26,689 ",",1.67",
"362,",William Woods University,",","$35,600 ",",","$21,260 ",",1.67",
"363,",University of San Diego (USD),",","$50,600 ",",","$30,225 ",",1.67",
"364,",Kennesaw State University,",","$41,400 ",",","$24,740 ",",1.67",
"365,",University of North Carolina at Greensboro (UNCG),",","$38,900 ",",","$23,265 ",",1.67",
"366,",John Brown University,",","$41,000 ",",","$24,525 ",",1.67",
"367,",Eastern Washington University,",","$45,500 ",",","$27,259 ",",1.67",
"368,",Macalester College,",","$40,300 ",",","$24,156 ",",1.67",
"369,",Texas A&M University – Corpus Christi Campus,",","$44,100 ",",","$26,445 ",",1.67",
"370,",Oberlin College,",","$41,700 ",",","$25,018 ",",1.67",
"371,",Grantham University,",","$53,200 ",",","$31,920 ",",1.67",
"372,",Brigham Young University (BYU) – Idaho Campus,",","$48,700 ",",","$29,224 ",",1.67",
"373,",University of Montana,",","$36,900 ",",","$22,168 ",",1.66",
"374,","Westminster College – Salt Lake City, UT",",","$45,800 ",",","$27,523 ",",1.66",
"375,",Indiana University (IU) – Bloomington,",","$45,400 ",",","$27,300 ",",1.66",
"376,",University of Kentucky (UK),",","$45,800 ",",","$27,552 ",",1.66",
"377,",Frostburg State University,",","$41,400 ",",","$24,916 ",",1.66",
"378,",Benedictine University,",","$44,400 ",",","$26,750 ",",1.66",
"379,",American International College,",","$54,100 ",",","$32,596 ",",1.66",
"380,",Cardinal Stritch University,",","$48,900 ",",","$29,473 ",",1.66",
"381,",Hartwick College,",","$44,300 ",",","$26,708 ",",1.66",
"382,",Coleman University,",","$52,500 ",",","$31,716 ",",1.66",
"383,",University of Toledo,",","$46,200 ",",","$27,928 ",",1.65",
"384,",Boise State University (BSU),",","$44,700 ",",","$27,024 ",",1.65",
"385,",Muhlenberg College,",","$49,100 ",",","$29,702 ",",1.65",
"386,",SUNY – College at Old Westbury,",","$40,200 ",",","$24,324 ",",1.65",
"387,",Furman University,",","$42,800 ",",","$25,903 ",",1.65",
"388,",Milwaukee School of Engineering,",","$61,500 ",",","$37,243 ",",1.65",
"389,",American Public University System,",","$45,200 ",",","$27,412 ",",1.65",
"390,",Elon University,",","$44,800 ",",","$27,176 ",",1.65",
"391,",Gannon University,",","$46,500 ",",","$28,252 ",",1.65",
"392,",University of Denver,",","$47,800 ",",","$29,050 ",",1.65",
"393,",University of San Francisco (USF),",","$51,100 ",",","$31,098 ",",1.64",
"394,",Northwest Missouri State University,",","$40,600 ",",","$24,710 ",",1.64",
"395,","Fashion Institute of Technology – New York, NY",",","$44,800 ",",","$27,303 ",",1.64",
"396,",Fitchburg State College,",","$40,700 ",",","$24,812 ",",1.64",
"397,",William Paterson University,",","$41,100 ",",","$25,062 ",",1.64",
"398,",SUNY – College at Potsdam,",","$35,300 ",",","$21,531 ",",1.64",
"399,",University of Nebraska at Omaha,",","$44,000 ",",","$26,866 ",",1.64",
"400,",Northeastern State University,",","$40,000 ",",","$24,431 ",",1.64",
"401,","ITT Technical Institute – San Diego, CA",",","$54,000 ",",","$33,012 ",",1.64",
"402,",Western Carolina University,",","$38,900 ",",","$23,806 ",",1.63",
"403,",Murray State University,",","$40,100 ",",","$24,554 ",",1.63",
"404,","Baker College – Flint, MI",",","$42,800 ",",","$26,252 ",",1.63",
"405,",Georgia State University,",","$44,500 ",",","$27,295 ",",1.63",
"406,",College of Charleston,",","$41,800 ",",","$25,644 ",",1.63",
"407,",Western International University,",","$52,900 ",",","$32,464 ",",1.63",
"408,",Lamar University,",","$49,600 ",",","$30,452 ",",1.63",
"409,","Clark University – Worcester, MA",",","$40,700 ",",","$24,990 ",",1.63",
"410,",University of Central Oklahoma (UCO),",","$39,900 ",",","$24,530 ",",1.63",
"411,",SUNY – College at Buffalo,",","$39,500 ",",","$24,290 ",",1.63",
"412,",Eastern Michigan University,",","$41,900 ",",","$25,781 ",",1.63",
"413,","Concordia University – Austin, TX",",","$40,400 ",",","$24,882 ",",1.62",
"414,",University of Wisconsin (UW) – La Crosse Campus,",","$42,100 ",",","$25,932 ",",1.62",
"415,","Seton Hall University – South Orange, NJ",",","$48,500 ",",","$29,888 ",",1.62",
"416,","Fairleigh Dickinson University (FDU) – Madison, NJ",",","$46,000 ",",","$28,356 ",",1.62",
"417,",Albright College,",","$46,300 ",",","$28,541 ",",1.62",
"418,",Embry-Riddle Aeronautical University (ERAU) Worldwide,",","$52,600 ",",","$32,436 ",",1.62",
"419,",Florida Southern College,",","$39,400 ",",","$24,314 ",",1.62",
"420,",Bard College,",","$43,100 ",",","$26,599 ",",1.62",
"421,",University of Puget Sound,",","$44,900 ",",","$27,776 ",",1.62",
"422,",Missouri State University (MSU),",","$39,800 ",",","$24,655 ",",1.61",
"423,","Taylor University – Upland, IN",",","$40,500 ",",","$25,125 ",",1.61",
"424,",Quincy University,",","$44,900 ",",","$27,857 ",",1.61",
"425,",University of Nebraska at Kearney,",","$37,400 ",",","$23,229 ",",1.61",
"426,",Eastern Connecticut State University,",","$43,300 ",",","$26,921 ",",1.61",
"427,",Athens State University,",","$37,400 ",",","$23,264 ",",1.61",
"428,",University of Hartford,",","$46,900 ",",","$29,184 ",",1.61",
"429,",University of Baltimore,",","$46,000 ",",","$28,700 ",",1.60",
"430,","Lakeland College – Plymouth, WI",",","$42,800 ",",","$26,716 ",",1.60",
"431,",Samford University,",","$42,500 ",",","$26,543 ",",1.60",
"432,",University of Northern Colorado,",","$40,700 ",",","$25,446 ",",1.60",
"433,",Tarleton State University (TSU),",","$42,000 ",",","$26,267 ",",1.60",
"434,",Providence College,",","$51,900 ",",","$32,475 ",",1.60",
"435,",Wayland Baptist University,",","$41,100 ",",","$25,725 ",",1.60",
"436,",University of Massachusetts (UMass) – Amherst Campus,",","$48,600 ",",","$30,453 ",",1.60",
"437,",Rhodes College,",","$43,200 ",",","$27,077 ",",1.60",
"438,",St. Olaf College,",","$45,300 ",",","$28,396 ",",1.60",
"439,",Western Kentucky University,",","$42,700 ",",","$26,768 ",",1.60",
"440,",Radford University,",","$42,000 ",",","$26,333 ",",1.59",
"441,",Ithaca College,",","$43,200 ",",","$27,092 ",",1.59",
"442,",Fort Hays State University (FHSU),",","$40,100 ",",","$25,172 ",",1.59",
"443,",University of the Pacific,",","$49,000 ",",","$30,760 ",",1.59",
"444,",University of Texas at San Antonio (UTSA),",","$43,500 ",",","$27,337 ",",1.59",
"445,",University of Rhode Island (URI),",","$48,700 ",",","$30,731 ",",1.58",
"446,",Ohio University – Main Campus,",","$43,800 ",",","$27,645 ",",1.58",
"447,",Carson Newman College,",","$44,500 ",",","$28,112 ",",1.58",
"448,",SUNY – Purchase College,",","$41,700 ",",","$26,348 ",",1.58",
"449,",University of New Hampshire (UNH) – Manchester Campus,",","$46,500 ",",","$29,393 ",",1.58",
"450,","Union College – Schenectady, NY",",","$51,700 ",",","$32,691 ",",1.58",
"451,",Whitworth University,",","$41,300 ",",","$26,132 ",",1.58",
"452,",Mississippi State University (MSU),",","$46,400 ",",","$29,365 ",",1.58",
"453,",Arkansas State University (ASU),",","$39,500 ",",","$25,000 ",",1.58",
"454,",University of Southern Indiana,",","$40,600 ",",","$25,732 ",",1.58",
"455,",University of Wisconsin (UW) – Stevens Point Campus,",","$40,800 ",",","$25,871 ",",1.58",
"456,",Pacific University,",","$40,700 ",",","$25,844 ",",1.57",
"457,",Villanova University,",","$55,300 ",",","$35,122 ",",1.57",
"458,",Trident University International,",","$50,000 ",",","$31,768 ",",1.57",
"459,",Campbell University,",","$43,400 ",",","$27,578 ",",1.57",
"460,",Dallas Baptist University,",","$44,500 ",",","$28,279 ",",1.57",
"461,",University of Mississippi,",","$41,600 ",",","$26,443 ",",1.57",
"462,",University at Buffalo (UB),",","$47,500 ",",","$30,220 ",",1.57",
"463,",Notre Dame of Maryland University,",","$50,800 ",",","$32,346 ",",1.57",
"464,",Northern Kentucky University (NKU),",","$43,300 ",",","$27,594 ",",1.57",
"465,",Christopher Newport University,",","$44,100 ",",","$28,135 ",",1.57",
"466,",Miami Dade College (MDC),",","$43,800 ",",","$27,948 ",",1.57",
"467,",University of Iowa (UI),",","$45,000 ",",","$28,716 ",",1.57",
"468,",Saint Mary’s College of California,",","$51,400 ",",","$32,803 ",",1.57",
"469,",Xavier University,",","$47,100 ",",","$30,068 ",",1.57",
"470,",Chapman University,",","$43,800 ",",","$27,979 ",",1.57",
"471,",Belmont Abbey College,",","$42,800 ",",","$27,341 ",",1.57",
"472,",Fairmont State University,",","$41,300 ",",","$26,420 ",",1.56",
"473,",John Carroll University,",","$48,200 ",",","$30,837 ",",1.56",
"474,",Jacksonville University,",","$47,800 ",",","$30,584 ",",1.56",
"475,",SUNY – New Paltz,",","$40,400 ",",","$25,874 ",",1.56",
"476,",University of South Dakota,",","$39,900 ",",","$25,554 ",",1.56",
"477,",Granite State College,",","$37,100 ",",","$23,780 ",",1.56",
"478,",Oregon Health and Science University (OHSU),",","$68,000 ",",","$43,592 ",",1.56",
"479,",Willamette University,",","$42,000 ",",","$26,936 ",",1.56",
"480,",University of Evansville,",","$45,900 ",",","$29,441 ",",1.56",
"481,",Rhode Island College,",","$39,800 ",",","$25,567 ",",1.56",
"482,",University of North Carolina at Wilmington (UNCW),",","$39,900 ",",","$25,644 ",",1.56",
"483,",University of South Carolina – Main Campus,",","$43,900 ",",","$28,233 ",",1.55",
"484,",Iona College,",","$48,000 ",",","$30,885 ",",1.55",
"485,",Seattle Pacific University (SPU),",","$44,800 ",",","$28,844 ",",1.55",
"486,",Mercer University,",","$46,600 ",",","$30,018 ",",1.55",
"487,",Henderson State University,",","$36,700 ",",","$23,641 ",",1.55",
"488,",Georgia Southwestern State University,",","$36,400 ",",","$23,450 ",",1.55",
"489,",High Point University,",","$40,500 ",",","$26,100 ",",1.55",
"490,",The College of Wooster,",","$38,000 ",",","$24,506 ",",1.55",
"491,",Cedarville University,",","$45,000 ",",","$29,105 ",",1.55",
"492,","Emmanuel College – Boston, MA",",","$45,100 ",",","$29,202 ",",1.54",
"493,",St Petersburg College,",","$45,400 ",",","$29,420 ",",1.54",
"494,",Occidental College,",","$46,200 ",",","$29,962 ",",1.54",
"495,",University of Delaware,",","$50,400 ",",","$32,705 ",",1.54",
"496,",SUNY – College at Oneonta,",","$41,500 ",",","$26,932 ",",1.54",
"497,",Houston Baptist University,",","$44,000 ",",","$28,584 ",",1.54",
"498,",Elmhurst College,",","$43,200 ",",","$28,068 ",",1.54",
"499,",University of Wisconsin (UWW) – Whitewater,",","$42,500 ",",","$27,623 ",",1.54",
"500,","Bethel College – Mishawaka, IN",",","$37,100 ",",","$24,132 ",",1.54",
"501,",Jacksonville State University (JSU),",","$40,400 ",",","$26,280 ",",1.54",
"502,",Waynesburg University,",","$46,500 ",",","$30,250 ",",1.54",
"503,",Ursuline College,",","$45,400 ",",","$29,542 ",",1.54",
"504,",George Washington University (GWU),",","$48,100 ",",","$31,337 ",",1.53",
"505,",University of Alabama – Main Campus,",","$45,000 ",",","$29,320 ",",1.53",
"506,",Long Island University – Brooklyn,",","$49,800 ",",","$32,448 ",",1.53",
"507,",Portland State University (PSU),",","$43,600 ",",","$28,410 ",",1.53",
"508,",Washburn University,",","$42,000 ",",","$27,383 ",",1.53",
"509,",Berry College,",","$36,800 ",",","$23,997 ",",1.53",
"510,",University of Findlay,",","$45,100 ",",","$29,441 ",",1.53",
"511,",Massachusetts College of Art and Design,",","$41,000 ",",","$26,792 ",",1.53",
"512,",Ohio Wesleyan University (OWU),",","$43,600 ",",","$28,516 ",",1.53",
"513,",University of Texas at Tyler,",","$45,800 ",",","$29,956 ",",1.53",
"514,",Oklahoma City University,",","$42,500 ",",","$27,819 ",",1.53",
"515,",Centre College of Kentucky,",","$39,700 ",",","$25,994 ",",1.53",
"516,",University of North Carolina at Pembroke (UNCP),",","$37,900 ",",","$24,860 ",",1.52",
"517,",Rider University,",","$42,800 ",",","$28,080 ",",1.52",
"518,",Fontbonne University,",","$37,000 ",",","$24,281 ",",1.52",
"519,",Southern Illinois University (SIU) – Carbondale Campus,",","$45,900 ",",","$30,138 ",",1.52",
"520,",University of the District of Columbia,",","$47,400 ",",","$31,124 ",",1.52",
"521,",Xavier University of Louisiana,",","$37,400 ",",","$24,570 ",",1.52",
"522,",Long Island University – C W Post Campus,",","$43,300 ",",","$28,448 ",",1.52",
"523,",Manhattan College,",","$57,000 ",",","$37,449 ",",1.52",
"524,",Montclair State University,",","$42,700 ",",","$28,070 ",",1.52",
"525,",Grove City College,",","$48,100 ",",","$31,634 ",",1.52",
"526,",University of West Georgia,",","$41,800 ",",","$27,494 ",",1.52",
"527,",Linfield College,",","$43,600 ",",","$28,697 ",",1.52",
"528,",Grand Canyon University,",","$49,700 ",",","$32,728 ",",1.52",
"529,",Loma Linda University,",","$66,100 ",",","$43,528 ",",1.52",
"530,",Thomas Edison State College,",","$49,400 ",",","$32,536 ",",1.52",
"531,",Rutgers University – Camden Campus,",","$43,500 ",",","$28,651 ",",1.52",
"532,",Auburn University – Montgomery,",","$41,200 ",",","$27,146 ",",1.52",
"533,",The College of New Jersey (TCNJ),",","$51,000 ",",","$33,635 ",",1.52",
"534,",Pepperdine University,",","$48,300 ",",","$31,884 ",",1.51",
"535,",Texas Woman’s University,",","$43,600 ",",","$28,796 ",",1.51",
"536,",Rensselaer Polytechnic Institute (RPI),",","$63,300 ",",","$41,814 ",",1.51",
"537,",Howard University,",","$48,500 ",",","$32,071 ",",1.51",
"538,",University of Wisconsin (UWP) – Parkside,",","$40,800 ",",","$26,996 ",",1.51",
"539,",University of New England (UNE),",","$45,500 ",",","$30,140 ",",1.51",
"540,",Wright State University – Main Campus,",","$46,400 ",",","$30,778 ",",1.51",
"541,",Mesa State College,",","$40,300 ",",","$26,740 ",",1.51",
"542,",Purdue University – Calumet Campus,",","$43,100 ",",","$28,600 ",",1.51",
"543,",Cleary University,",","$42,400 ",",","$28,148 ",",1.51",
"544,",Lyndon State College,",","$38,400 ",",","$25,520 ",",1.50",
"545,","Loyola University – New Orleans, LA",",","$37,800 ",",","$25,133 ",",1.50",
"546,",University of Mary,",","$42,900 ",",","$28,536 ",",1.50",
"547,",Oklahoma Wesleyan University (OWU),",","$42,200 ",",","$28,072 ",",1.50",
"548,",Lewis & Clark College,",","$41,200 ",",","$27,421 ",",1.50",
"549,",Norwich University,",","$48,800 ",",","$32,498 ",",1.50",
"550,",The New School,",","$44,000 ",",","$29,324 ",",1.50",
"551,",Guilford College,",","$38,000 ",",","$25,360 ",",1.50",
"552,","Union University – Jackson, TN",",","$43,700 ",",","$29,187 ",",1.50",
"553,",Nicholls State University,",","$36,300 ",",","$24,250 ",",1.50",
"554,",University of Massachusetts (UMass) – Dartmouth Campus,",","$46,500 ",",","$31,070 ",",1.50",
"555,",Suffolk University,",","$44,200 ",",","$29,535 ",",1.50",
"556,",Notre Dame de Namur University (NDNU),",","$46,900 ",",","$31,348 ",",1.50",
"557,",Rhode Island School of Design (RISD),",","$45,400 ",",","$30,376 ",",1.49",
"558,","Loyola University – Baltimore, MD",",","$51,100 ",",","$34,190 ",",1.49",
"559,",Rivier College,",","$44,900 ",",","$30,068 ",",1.49",
"560,",Metropolitan State University of Denver,",","$42,500 ",",","$28,468 ",",1.49",
"561,",Pennsylvania State University (Penn State) – Erie-Behrend College,",","$55,100 ",",","$36,935 ",",1.49",
"562,",University of Minnesota – Duluth Campus,",","$46,600 ",",","$31,244 ",",1.49",
"563,","Northwood University – Midland, MI",",","$43,500 ",",","$29,212 ",",1.49",
"564,",Shepherd University,",","$41,600 ",",","$27,938 ",",1.49",
"565,",University of Arkansas – Little Rock Campus,",","$40,800 ",",","$27,412 ",",1.49",
"566,",Saint Peters College,",","$44,500 ",",","$29,912 ",",1.49",
"567,",University of Missouri – Kansas City (UMKC),",","$43,800 ",",","$29,464 ",",1.49",
"568,",University of The Incarnate Word,",","$44,200 ",",","$29,744 ",",1.49",
"569,",Stephen F. Austin State University (SFA),",","$40,500 ",",","$27,278 ",",1.48",
"570,",Drury University,",","$37,600 ",",","$25,336 ",",1.48",
"571,",Moravian College and Moravian Theological Seminary,",","$44,200 ",",","$29,808 ",",1.48",
"572,",College for Creative Studies,",","$43,700 ",",","$29,508 ",",1.48",
"573,","St. Joseph’s College (SJC) – Brooklyn, NY",",","$35,200 ",",","$23,772 ",",1.48",
"574,",Massachusetts Maritime Academy,",","$55,600 ",",","$37,582 ",",1.48",
"575,",Colorado State University (CSU) – Pueblo Campus,",","$44,200 ",",","$29,914 ",",1.48",
"576,",Trevecca Nazarene University,",","$42,000 ",",","$28,430 ",",1.48",
"577,",University of Texas – Medical Branch (UTMB),",","$58,000 ",",","$39,268 ",",1.48",
"578,",University of Dayton,",","$52,100 ",",","$35,278 ",",1.48",
"579,",University of Central Missouri,",","$40,500 ",",","$27,424 ",",1.48",
"580,",Susquehanna University,",","$43,900 ",",","$29,734 ",",1.48",
"581,",Marymount Manhattan College,",","$43,400 ",",","$29,419 ",",1.48",
"582,",Central College,",","$43,400 ",",","$29,440 ",",1.47",
"583,",Indiana University-Purdue University – Fort Wayne (IPFW),",","$43,400 ",",","$29,452 ",",1.47",
"584,",Missouri Western State University,",","$38,300 ",",","$26,015 ",",1.47",
"585,",Otterbein College,",","$42,200 ",",","$28,668 ",",1.47",
"586,",Brandeis University,",","$45,300 ",",","$30,848 ",",1.47",
"587,",Old Dominion University,",","$43,100 ",",","$29,357 ",",1.47",
"588,","St. Mary’s University – San Antonio, TX",",","$41,300 ",",","$28,132 ",",1.47",
"589,","Cornell College – Mount Vernon, IA",",","$36,700 ",",","$25,004 ",",1.47",
"590,",SUNY – College at Brockport,",","$40,600 ",",","$27,666 ",",1.47",
"591,",University of Southern Maine (USM),",","$40,600 ",",","$27,716 ",",1.46",
"592,","Mount Saint Mary College – Newburgh, NY",",","$46,500 ",",","$31,764 ",",1.46",
"593,","Monmouth University – West Long Branch, NJ",",","$44,900 ",",","$30,678 ",",1.46",
"594,",Florida Agricultural and Mechanical (A&M) University (FAMU),",","$45,900 ",",","$31,407 ",",1.46",
"595,",Aurora University,",","$43,000 ",",","$29,448 ",",1.46",
"596,",Southeast Missouri State University,",","$38,700 ",",","$26,508 ",",1.46",
"597,",Northern Illinois University (NIU),",","$48,500 ",",","$33,234 ",",1.46",
"598,",Western Illinois University,",","$42,000 ",",","$28,785 ",",1.46",
"599,",University of Maryland – Eastern Shore Campus,",","$40,200 ",",","$27,562 ",",1.46",
"600,",Palm Beach Atlantic University (PBAU),",","$39,900 ",",","$27,374 ",",1.46",
"601,",Wittenberg University,",","$44,800 ",",","$30,748 ",",1.46",
"602,","Concordia University – Irvine, CA",",","$40,900 ",",","$28,072 ",",1.46",
"603,",Columbia Southern University,",","$49,300 ",",","$33,868 ",",1.46",
"604,",Metropolitan State University,",","$44,300 ",",","$30,444 ",",1.46",
"605,",LeTourneau University,",","$55,600 ",",","$38,211 ",",1.46",
"606,",Nova Southeastern University,",","$45,100 ",",","$31,022 ",",1.45",
"607,","Manchester College – North Manchester, IN",",","$43,800 ",",","$30,141 ",",1.45",
"608,",University of La Verne,",","$41,000 ",",","$28,215 ",",1.45",
"609,",Bloomsburg University of Pennsylvania,",","$43,100 ",",","$29,661 ",",1.45",
"610,",Lawrence Technological University,",","$56,600 ",",","$38,966 ",",1.45",
"611,",Southwest Minnesota State University (SMSU),",","$38,400 ",",","$26,472 ",",1.45",
"612,",Eastern Kentucky University,",","$39,800 ",",","$27,438 ",",1.45",
"613,",Southwestern University,",","$44,800 ",",","$30,935 ",",1.45",
"614,",Monroe College – Bronx Campus,",","$40,500 ",",","$27,986 ",",1.45",
"615,",New England Institute of Technology,",","$48,600 ",",","$33,612 ",",1.45",
"616,",Syracuse University,",","$50,000 ",",","$34,584 ",",1.45",
"617,",Marquette University,",","$50,900 ",",","$35,211 ",",1.45",
"618,",Southern Methodist University (SMU),",","$50,100 ",",","$34,671 ",",1.45",
"619,",University of Houston Clear Lake (UHCL),",","$44,800 ",",","$31,004 ",",1.44",
"620,","Pace University – New York, NY",",","$51,200 ",",","$35,442 ",",1.44",
"621,",East Tennessee State University (ETSU),",","$41,400 ",",","$28,680 ",",1.44",
"622,",Winston-Salem State University,",","$43,900 ",",","$30,460 ",",1.44",
"623,",Calvin College,",","$42,300 ",",","$29,403 ",",1.44",
"624,",Marshall University,",","$38,300 ",",","$26,625 ",",1.44",
"625,",University of Wisconsin (UW) – River Falls Campus,",","$39,000 ",",","$27,134 ",",1.44",
"626,",Bowie State University (BSU),",","$42,700 ",",","$29,737 ",",1.44",
"627,","Marian University – Indianapolis, IN",",","$44,500 ",",","$31,000 ",",1.44",
"628,",Minnesota State University – Moorhead Campus,",","$40,500 ",",","$28,248 ",",1.43",
"629,","Saint Mary’s College – Notre Dame, IN",",","$44,300 ",",","$30,910 ",",1.43",
"630,","St. John’s University – Queens, NY",",","$47,200 ",",","$32,950 ",",1.43",
"631,",Illinois State University,",","$43,500 ",",","$30,373 ",",1.43",
"632,",Illinois Wesleyan University (IWU),",","$45,900 ",",","$32,101 ",",1.43",
"633,",Rowan University,",","$45,400 ",",","$31,759 ",",1.43",
"634,",Longwood University,",","$39,500 ",",","$27,644 ",",1.43",
"635,",Hobart William Smith Colleges,",","$49,000 ",",","$34,330 ",",1.43",
"636,",SUNY – College at Cortland,",","$39,100 ",",","$27,472 ",",1.42",
"637,",Ball State University (BSU),",","$39,300 ",",","$27,627 ",",1.42",
"638,","Loyola University – Chicago, IL",",","$44,200 ",",","$31,089 ",",1.42",
"639,",Pennsylvania State University (Penn State) – Main Campus,",","$52,500 ",",","$36,935 ",",1.42",
"640,",Belmont University,",","$40,200 ",",","$28,306 ",",1.42",
"641,",Ramapo College of New Jersey,",","$42,500 ",",","$29,972 ",",1.42",
"642,",Indiana University (IU) – New Albany,",","$37,700 ",",","$26,594 ",",1.42",
"643,",East Stroudsburg University (ESU),",","$39,300 ",",","$27,730 ",",1.42",
"644,",Capella University,",","$47,500 ",",","$33,524 ",",1.42",
"645,",Minnesota State University – Mankato Campus,",","$44,700 ",",","$31,568 ",",1.42",
"646,",Carthage College,",","$40,700 ",",","$28,768 ",",1.41",
"647,",Simmons College,",","$49,800 ",",","$35,205 ",",1.41",
"648,",Northwest Nazarene University,",","$39,100 ",",","$27,657 ",",1.41",
"649,",Wake Forest University,",","$49,100 ",",","$34,745 ",",1.41",
"650,",University of Maryland University College (UMUC),",","$49,300 ",",","$34,908 ",",1.41",
"651,",Tulane University,",","$44,700 ",",","$31,653 ",",1.41",
"652,",Morehouse College,",","$50,500 ",",","$35,807 ",",1.41",
"653,",Texas Tech University – Health Sciences Center,",","$56,000 ",",","$39,708 ",",1.41",
"654,",Siena College,",","$46,000 ",",","$32,678 ",",1.41",
"655,",Coe College,",","$45,000 ",",","$31,992 ",",1.41",
"656,",Drake University,",","$44,300 ",",","$31,546 ",",1.40",
"657,",East Carolina University (ECU),",","$41,700 ",",","$29,699 ",",1.40",
"658,",Stonehill College,",","$44,400 ",",","$31,622 ",",1.40",
"659,",Shippensburg University of Pennsylvania,",","$42,100 ",",","$29,988 ",",1.40",
"660,","Mount St. Mary’s College – Los Angeles, CA",",","$48,500 ",",","$34,576 ",",1.40",
"661,",Capital University,",","$47,400 ",",","$33,833 ",",1.40",
"662,",Northern Michigan University,",","$41,400 ",",","$29,618 ",",1.40",
"663,",Bemidji State University (BSU),",","$39,900 ",",","$28,564 ",",1.40",
"664,",Indiana University-Purdue University – Indianapolis (IUPUI),",","$43,300 ",",","$31,010 ",",1.40",
"665,",Our Lady of the Lake University (OLLU),",","$39,600 ",",","$28,362 ",",1.40",
"666,",Hardin-Simmons University (HSU),",","$48,000 ",",","$34,380 ",",1.40",
"667,",Saint Leo University,",","$38,300 ",",","$27,436 ",",1.40",
"668,",University of New Mexico (UNM),",","$40,600 ",",","$29,116 ",",1.39",
"669,",Pennsylvania State University (Penn State) – Harrisburg Campus,",","$51,500 ",",","$36,935 ",",1.39",
"670,",Saint Anselm College,",","$49,600 ",",","$35,601 ",",1.39",
"671,",Salem State University,",","$39,800 ",",","$28,576 ",",1.39",
"672,",Saint Cloud State University,",","$44,500 ",",","$31,953 ",",1.39",
"673,","Southwestern College – Winfield, KS",",","$46,600 ",",","$33,478 ",",1.39",
"674,",D’Youville College,",","$46,100 ",",","$33,169 ",",1.39",
"675,",Florida Institute of Technology (Florida Tech),",","$56,100 ",",","$40,383 ",",1.39",
"676,",Franciscan University of Steubenville,",","$45,000 ",",","$32,443 ",",1.39",
"677,",University of St. Francis,",","$40,800 ",",","$29,418 ",",1.39",
"678,",William Jewell College,",","$41,400 ",",","$29,885 ",",1.39",
"679,",Valparaiso University,",","$49,100 ",",","$35,449 ",",1.39",
"680,",Youngstown State University (YSU),",","$42,200 ",",","$30,481 ",",1.38",
"681,",Western Oregon University,",","$39,200 ",",","$28,331 ",",1.38",
"682,","Assumption College – Worcester, MA",",","$47,600 ",",","$34,417 ",",1.38",
"683,",Virginia State University (VSU),",","$39,000 ",",","$28,250 ",",1.38",
"684,",Millersville University of Pennsylvania,",","$41,100 ",",","$29,791 ",",1.38",
"685,",University of Pittsburgh – Main Campus,",","$50,300 ",",","$36,466 ",",1.38",
"686,",University of Alabama – Birmingham Campus,",","$42,200 ",",","$30,642 ",",1.38",
"687,",Sam Houston State University,",","$43,200 ",",","$31,433 ",",1.37",
"688,",Montana State University – Billings Campus,",","$37,400 ",",","$27,225 ",",1.37",
"689,",West Chester University,",","$42,300 ",",","$30,881 ",",1.37",
"690,","Bowling Green State University – Bowling Green, OH",",","$41,500 ",",","$30,307 ",",1.37",
"691,",North Park University,",","$40,800 ",",","$29,800 ",",1.37",
"692,",St. Xavier University,",","$41,100 ",",","$30,068 ",",1.37",
"693,",SUNY – Fredonia,",","$39,500 ",",","$28,900 ",",1.37",
"694,",Huntingdon College,",","$38,700 ",",","$28,322 ",",1.37",
"695,",University of Detroit Mercy (UDM),",","$49,400 ",",","$36,180 ",",1.37",
"696,",Colorado Christian University,",","$45,800 ",",","$33,588 ",",1.36",
"697,",Mercyhurst College,",","$41,300 ",",","$30,364 ",",1.36",
"698,",Southern University and A&M College,",","$43,200 ",",","$31,796 ",",1.36",
"699,",Lipscomb University,",","$41,400 ",",","$30,480 ",",1.36",
"700,",Elizabethtown College,",","$41,200 ",",","$30,355 ",",1.36",
"701,",St. Thomas Aquinas College,",","$39,000 ",",","$28,750 ",",1.36",
"702,",Oral Roberts University (ORU),",","$44,400 ",",","$32,750 ",",1.36",
"703,",Western Michigan University (WMU),",","$44,300 ",",","$32,720 ",",1.35",
"704,",Immaculata University,",","$43,500 ",",","$32,132 ",",1.35",
"705,",Creighton University,",","$45,200 ",",","$33,428 ",",1.35",
"706,",Virginia Commonwealth University (VCU),",","$43,800 ",",","$32,411 ",",1.35",
"707,",SUNY – College at Oswego,",","$38,200 ",",","$28,362 ",",1.35",
"708,",California University of Pennsylvania (Cal U),",","$39,200 ",",","$29,105 ",",1.35",
"709,",Grand Valley State University,",","$40,700 ",",","$30,222 ",",1.35",
"710,",The University of Tennessee at Martin (UT Martin),",","$38,600 ",",","$28,701 ",",1.34",
"711,",Maryville University of Saint Louis,",","$42,600 ",",","$31,696 ",",1.34",
"712,",Pacific Lutheran University,",","$43,600 ",",","$32,459 ",",1.34",
"713,",Austin Peay State University,",","$38,700 ",",","$28,820 ",",1.34",
"714,",Arkansas Tech University,",","$40,100 ",",","$29,865 ",",1.34",
"715,",Transylvania University,",","$37,700 ",",","$28,079 ",",1.34",
"716,",Manhattanville College,",","$44,900 ",",","$33,444 ",",1.34",
"717,",North Carolina Wesleyan College (NCWC),",","$42,000 ",",","$31,308 ",",1.34",
"718,",University of Arkansas – Pine Bluff Campus,",","$37,100 ",",","$27,664 ",",1.34",
"719,",Chadron State College,",","$34,200 ",",","$25,508 ",",1.34",
"720,","North Central College – Naperville, IL",",","$43,000 ",",","$32,086 ",",1.34",
"721,",Hope College,",","$42,500 ",",","$31,717 ",",1.34",
"722,",Adelphi University,",","$43,300 ",",","$32,328 ",",1.34",
"723,",College of Mount St. Joseph,",","$38,200 ",",","$28,540 ",",1.34",
"724,",Bellarmine University,",","$42,000 ",",","$31,381 ",",1.34",
"725,","Augustana College – Sioux Falls, SD",",","$42,300 ",",","$31,612 ",",1.34",
"726,",Knox College,",","$38,900 ",",","$29,085 ",",1.34",
"727,",Lewis University,",","$45,100 ",",","$33,748 ",",1.34",
"728,",University of West Florida (UWF),",","$39,700 ",",","$29,712 ",",1.34",
"729,",Beloit College,",","$38,400 ",",","$28,768 ",",1.33",
"730,","Columbia College – Chicago, IL",",","$39,800 ",",","$29,824 ",",1.33",
"731,",Bryant University,",","$52,400 ",",","$39,283 ",",1.33",
"732,",Webster University,",","$40,500 ",",","$30,413 ",",1.33",
"733,","Allegheny College – Meadville, PA",",","$38,900 ",",","$29,216 ",",1.33",
"734,",Fayetteville State University,",","$31,900 ",",","$24,029 ",",1.33",
"735,","Concordia University – Saint Paul, MN",",","$40,800 ",",","$30,747 ",",1.33",
"736,",Upper Iowa University,",","$40,300 ",",","$30,401 ",",1.33",
"737,",Indiana University (IU) – Kokomo,",","$35,300 ",",","$26,651 ",",1.32",
"738,","Concordia University – Mequon, WI",",","$40,900 ",",","$30,880 ",",1.32",
"739,",University of Central Arkansas,",","$39,300 ",",","$29,696 ",",1.32",
"740,","Johnson & Wales University (JWU) – Providence, RI",",","$41,600 ",",","$31,440 ",",1.32",
"741,",Missouri Southern State University (MSSU),",","$38,900 ",",","$29,405 ",",1.32",
"742,",Baker University,",","$43,700 ",",","$33,084 ",",1.32",
"743,","Fairleigh Dickinson University (FDU) – Teaneck, NJ",",","$43,600 ",",","$33,009 ",",1.32",
"744,",Peirce College,",","$45,900 ",",","$34,796 ",",1.32",
"745,",Malone University,",","$40,400 ",",","$30,679 ",",1.32",
"746,","Concordia College – Moorhead, MN",",","$39,400 ",",","$29,924 ",",1.32",
"747,",Indiana Wesleyan University (IWU),",","$41,900 ",",","$31,828 ",",1.32",
"748,",Fordham University,",","$49,500 ",",","$37,607 ",",1.32",
"749,",Saint Mary’s University of Minnesota,",","$43,700 ",",","$33,216 ",",1.32",
"750,",Columbia University,",","$60,200 ",",","$45,768 ",",1.32",
"751,",University of Wisconsin (UWM) – Milwaukee,",","$43,700 ",",","$33,234 ",",1.31",
"752,",Valdosta State University (VSU),",","$35,900 ",",","$27,308 ",",1.31",
"753,",Northern State University,",","$36,100 ",",","$27,487 ",",1.31",
"754,",University of Maine at Farmington (UMF),",","$41,700 ",",","$31,792 ",",1.31",
"755,","Mount Mary College – Milwaukee, WI",",","$39,000 ",",","$29,759 ",",1.31",
"756,","La Salle University – Philadelphia, PA",",","$46,200 ",",","$35,327 ",",1.31",
"757,",Edinboro University of Pennsylvania,",","$36,400 ",",","$27,872 ",",1.31",
"758,",Ferris State University,",","$46,600 ",",","$35,720 ",",1.30",
"759,",Niagara University,",","$39,500 ",",","$30,289 ",",1.30",
"760,",University of Wisconsin (UW) – Green Bay Campus,",","$35,500 ",",","$27,239 ",",1.30",
"761,","School of Visual Arts (SVA) – New York, NY",",","$43,200 ",",","$33,172 ",",1.30",
"762,",Charter Oak State College,",","$45,000 ",",","$34,576 ",",1.30",
"763,",Arcadia University,",","$36,600 ",",","$28,124 ",",1.30",
"764,",Madonna University,",","$42,800 ",",","$32,900 ",",1.30",
"765,",Clayton State University,",","$42,000 ",",","$32,292 ",",1.30",
"766,",Marist College,",","$45,200 ",",","$34,801 ",",1.30",
"767,","Kaplan University – Davenport, IA",",","$41,200 ",",","$31,736 ",",1.30",
"768,",Eastern Illinois University,",","$40,500 ",",","$31,219 ",",1.30",
"769,",Cornerstone University,",","$36,200 ",",","$27,919 ",",1.30",
"770,",Western Connecticut State University,",","$40,300 ",",","$31,120 ",",1.29",
"771,",Duquesne University,",","$44,700 ",",","$34,522 ",",1.29",
"772,",Millikin University,",","$41,400 ",",","$31,989 ",",1.29",
"773,",California College of the Arts,",","$44,300 ",",","$34,237 ",",1.29",
"774,",Nebraska Wesleyan University (NWU),",","$39,200 ",",","$30,296 ",",1.29",
"775,",University of Michigan – Flint Campus,",","$41,500 ",",","$32,107 ",",1.29",
"776,",Clark Atlanta University (CAU),",","$42,700 ",",","$33,048 ",",1.29",
"777,",Boston University,",","$50,600 ",",","$39,166 ",",1.29",
"778,",Mississippi College,",","$37,700 ",",","$29,189 ",",1.29",
"779,",University of Arkansas for Medical Sciences (UAMS),",","$45,100 ",",","$34,928 ",",1.29",
"780,",Slippery Rock University,",","$39,300 ",",","$30,458 ",",1.29",
"781,",Saginaw Valley State University (SVSU),",","$39,500 ",",","$30,616 ",",1.29",
"782,",Birmingham Southern College,",","$41,100 ",",","$31,872 ",",1.29",
"783,",LaGrange College,",","$42,000 ",",","$32,574 ",",1.29",
"784,",Lock Haven University,",","$37,800 ",",","$29,353 ",",1.29",
"785,",Norfolk State University,",","$41,600 ",",","$32,320 ",",1.29",
"786,","Saint Joseph’s University (SJU) – Philadelphia, PA",",","$48,300 ",",","$37,557 ",",1.29",
"787,",Pratt Institute,",","$44,800 ",",","$34,877 ",",1.28",
"788,",Saint Louis University (SLU),",","$45,700 ",",","$35,615 ",",1.28",
"789,",Nichols College,",","$42,000 ",",","$32,747 ",",1.28",
"790,","Columbia College – Columbia, MO",",","$39,700 ",",","$30,956 ",",1.28",
"791,",Notre Dame College,",","$39,200 ",",","$30,580 ",",1.28",
"792,",Massachusetts College of Liberal Arts (MCLA),",","$36,900 ",",","$28,817 ",",1.28",
"793,",North Central University,",","$36,200 ",",","$28,272 ",",1.28",
"794,",SUNY – College at Plattsburgh,",","$36,000 ",",","$28,125 ",",1.28",
"795,",University of Pittsburgh – Johnstown Campus,",","$43,700 ",",","$34,162 ",",1.28",
"796,",Andrews University,",","$46,700 ",",","$36,536 ",",1.28",
"797,","Berkeley College – New York, NY",",","$43,600 ",",","$34,132 ",",1.28",
"798,",Southeastern University,",","$36,700 ",",","$28,732 ",",1.28",
"799,",Columbus State University,",","$38,500 ",",","$30,142 ",",1.28",
"800,",Southern Oregon University,",","$39,500 ",",","$30,936 ",",1.28",
"801,",Bridgewater State College,",","$40,900 ",",","$32,040 ",",1.28",
"802,",Maryland Institute College of Art,",","$37,900 ",",","$29,708 ",",1.28",
"803,",Mount Olive College,",","$36,000 ",",","$28,241 ",",1.27",
"804,","University of St. Thomas – St Paul, MN",",","$47,300 ",",","$37,131 ",",1.27",
"805,",Stevenson University,",","$41,400 ",",","$32,503 ",",1.27",
"806,","York College – York, PA",",","$45,400 ",",","$35,669 ",",1.27",
"807,",Temple University,",","$45,400 ",",","$35,760 ",",1.27",
"808,",Point Park University,",","$36,500 ",",","$28,753 ",",1.27",
"809,",Walla Walla University,",","$49,200 ",",","$38,778 ",",1.27",
"810,",Walsh University – Ohio,",","$37,200 ",",","$29,324 ",",1.27",
"811,","Monmouth College – Monmouth, IL",",","$39,500 ",",","$31,154 ",",1.27",
"812,",Averett University,",","$40,400 ",",","$31,876 ",",1.27",
"813,",Thomas More College,",","$39,300 ",",","$31,014 ",",1.27",
"814,",Le Moyne College,",","$43,700 ",",","$34,500 ",",1.27",
"815,",University of New Hampshire (UNH) – Main Campus,",","$46,800 ",",","$36,965 ",",1.27",
"816,",Tennessee State University,",","$45,100 ",",","$35,645 ",",1.27",
"817,",Plymouth State University,",","$40,900 ",",","$32,327 ",",1.27",
"818,",Point Loma Nazarene University,",","$41,300 ",",","$32,649 ",",1.26",
"819,",Eckerd College,",","$42,600 ",",","$33,697 ",",1.26",
"820,",Geneva College,",","$41,300 ",",","$32,673 ",",1.26",
"821,",Lynn University,",","$39,100 ",",","$30,938 ",",1.26",
"822,",Baldwin-Wallace College,",","$41,100 ",",","$32,526 ",",1.26",
"823,",Ohio Dominican University,",","$42,800 ",",","$33,928 ",",1.26",
"824,",Morehead State University (Kentucky),",","$35,500 ",",","$28,147 ",",1.26",
"825,",Bay Path College,",","$40,900 ",",","$32,472 ",",1.26",
"826,",Brenau University,",","$42,000 ",",","$33,376 ",",1.26",
"827,","University of the Arts (UArts) – Philadelphia, PA",",","$40,800 ",",","$32,452 ",",1.26",
"828,",Indiana University of Pennsylvania (IUP),",","$42,500 ",",","$33,807 ",",1.26",
"829,",Salve Regina University,",","$48,300 ",",","$38,425 ",",1.26",
"830,",Albertus Magnus College,",","$42,700 ",",","$33,975 ",",1.26",
"831,",SUNY – Empire State College,",","$42,200 ",",","$33,584 ",",1.26",
"832,","Robert Morris University (RMU) – Chicago, IL",",","$39,600 ",",","$31,562 ",",1.25",
"833,",Briar Cliff University,",","$38,800 ",",","$30,948 ",",1.25",
"834,",University of Scranton,",","$48,400 ",",","$38,640 ",",1.25",
"835,",Viterbo University,",","$42,400 ",",","$33,864 ",",1.25",
"836,",Butler University,",","$44,800 ",",","$35,797 ",",1.25",
"837,",Morgan State University,",","$44,500 ",",","$35,568 ",",1.25",
"838,","Bethel University – Saint Paul, MN",",","$42,000 ",",","$33,685 ",",1.25",
"839,",Kean University,",","$41,000 ",",","$32,886 ",",1.25",
"840,",University of South Carolina – Aiken Campus,",","$35,000 ",",","$28,104 ",",1.25",
"841,",Tusculum College,",","$36,300 ",",","$29,162 ",",1.24",
"842,",DeSales University,",","$45,800 ",",","$36,798 ",",1.24",
"843,",Jackson State University (JSU),",","$39,300 ",",","$31,576 ",",1.24",
"844,","Robert Morris University (RMU) – Moon Township, PA",",","$46,700 ",",","$37,531 ",",1.24",
"845,",Lander University,",","$37,800 ",",","$30,416 ",",1.24",
"846,",Messiah College,",","$42,600 ",",","$34,301 ",",1.24",
"847,",Columbus College of Art And Design,",","$39,700 ",",","$32,006 ",",1.24",
"848,",Keene State College,",","$41,900 ",",","$33,796 ",",1.24",
"849,",Gardner-Webb University,",","$36,600 ",",","$29,543 ",",1.24",
"850,",Kent State University (KSU),",","$40,100 ",",","$32,393 ",",1.24",
"851,",Central Michigan University,",","$41,500 ",",","$33,545 ",",1.24",
"852,",Olivet Nazarene University,",","$40,700 ",",","$32,906 ",",1.24",
"853,",Ashford University,",","$38,300 ",",","$30,976 ",",1.24",
"854,",Houghton College,",","$32,800 ",",","$26,550 ",",1.24",
"855,","Anderson University – Anderson, IN",",","$39,900 ",",","$32,298 ",",1.24",
"856,",University of South Alabama,",","$43,700 ",",","$35,468 ",",1.23",
"857,",Langston University,",","$40,000 ",",","$32,500 ",",1.23",
"858,",Grambling State University,",","$40,500 ",",","$32,916 ",",1.23",
"859,",Sullivan University,",","$42,200 ",",","$34,324 ",",1.23",
"860,",College of Our Lady of the Elms,",","$43,100 ",",","$35,089 ",",1.23",
"861,",Faulkner University,",","$35,600 ",",","$29,000 ",",1.23",
"862,",Dowling College,",","$48,000 ",",","$39,116 ",",1.23",
"863,",Biola University,",","$41,800 ",",","$34,107 ",",1.23",
"864,",Lynchburg College,",","$41,100 ",",","$33,592 ",",1.22",
"865,","Marian University – Fond Du Lac, WI",",","$41,600 ",",","$34,076 ",",1.22",
"866,",University of Tampa,",","$41,100 ",",","$33,673 ",",1.22",
"867,",Charleston Southern University (CSU),",","$37,800 ",",","$30,988 ",",1.22",
"868,",Savannah State University (SSU),",","$37,800 ",",","$31,024 ",",1.22",
"869,",Washington & Jefferson College,",","$43,500 ",",","$35,833 ",",1.21",
"870,",Keuka College,",","$40,400 ",",","$33,316 ",",1.21",
"871,",Augsburg College,",","$46,300 ",",","$38,216 ",",1.21",
"872,",University of Mary Hardin-Baylor (UMHB),",","$44,800 ",",","$37,048 ",",1.21",
"873,",Westmont College,",","$41,600 ",",","$34,428 ",",1.21",
"874,",University of North Alabama (UNA),",","$36,000 ",",","$29,839 ",",1.21",
"875,","University of St. Thomas – Houston, TX",",","$44,000 ",",","$36,497 ",",1.21",
"876,",Indiana University (IU) – South Bend,",","$36,000 ",",","$29,919 ",",1.20",
"877,",Winthrop University,",","$38,700 ",",","$32,165 ",",1.20",
"878,",University of Indianapolis,",","$42,800 ",",","$35,689 ",",1.20",
"879,",University of Redlands,",","$44,400 ",",","$37,052 ",",1.20",
"880,",Trinity University,",","$42,300 ",",","$35,318 ",",1.20",
"881,",Texas Christian University (TCU),",","$47,400 ",",","$39,584 ",",1.20",
"882,","Simpson College – Indianola, IA",",","$41,300 ",",","$34,500 ",",1.20",
"883,",Delta State University,",","$37,100 ",",","$31,020 ",",1.20",
"884,",Stetson University,",","$38,600 ",",","$32,302 ",",1.19",
"885,",University of Montevallo,",","$32,300 ",",","$27,090 ",",1.19",
"886,","Saint John’s University (SJU) – Collegeville, MN",",","$45,400 ",",","$38,089 ",",1.19",
"887,",Misericordia University,",","$41,800 ",",","$35,140 ",",1.19",
"888,",Wilkes University,",","$45,200 ",",","$38,082 ",",1.19",
"889,",The Richard Stockton College of New Jersey,",","$39,800 ",",","$33,543 ",",1.19",
"890,",Alma College,",","$38,400 ",",","$32,389 ",",1.19",
"891,","St. John Fisher College – Rochester, NY",",","$39,100 ",",","$32,982 ",",1.19",
"892,",Ursinus College,",","$41,900 ",",","$35,360 ",",1.18",
"893,",National Louis University,",","$44,200 ",",","$37,344 ",",1.18",
"894,","Wilmington College – Wilmington, OH",",","$36,900 ",",","$31,192 ",",1.18",
"895,","Lake Superior State University – Sault Ste Marie, MI",",","$40,000 ",",","$33,844 ",",1.18",
"896,",Coastal Carolina University,",","$41,600 ",",","$35,207 ",",1.18",
"897,",Saint Francis University,",","$43,300 ",",","$36,656 ",",1.18",
"898,",West Virginia State University,",","$34,400 ",",","$29,132 ",",1.18",
"899,",Lindenwood University,",","$39,700 ",",","$33,624 ",",1.18",
"900,",Roger Williams University,",","$47,900 ",",","$40,612 ",",1.18",
"901,",Roberts Wesleyan College,",","$41,800 ",",","$35,461 ",",1.18",
"902,",Winona State University,",","$41,400 ",",","$35,131 ",",1.18",
"903,",Avila University,",","$42,400 ",",","$36,056 ",",1.18",
"904,",Emporia State University,",","$35,800 ",",","$30,488 ",",1.17",
"905,",University of Mount Union,",","$40,600 ",",","$34,586 ",",1.17",
"906,",Midamerica Nazarene University,",","$37,900 ",",","$32,304 ",",1.17",
"907,",Roosevelt University,",","$38,500 ",",","$32,836 ",",1.17",
"908,",Luther College,",","$43,200 ",",","$36,918 ",",1.17",
"909,",Walden University,",","$41,100 ",",","$35,152 ",",1.17",
"910,",Eastern University,",","$40,500 ",",","$34,662 ",",1.17",
"911,",Ripon College,",","$40,600 ",",","$34,820 ",",1.17",
"912,",Hiram College,",","$37,700 ",",","$32,344 ",",1.17",
"913,",Evangel University,",","$35,100 ",",","$30,179 ",",1.16",
"914,",Gwynedd-Mercy University,",","$44,000 ",",","$37,860 ",",1.16",
"915,",Southern Adventist University,",","$45,000 ",",","$38,772 ",",1.16",
"916,",Woodbury University,",","$47,100 ",",","$40,699 ",",1.16",
"917,",Centenary College,",","$35,500 ",",","$30,704 ",",1.16",
"918,",Whittier College,",","$43,200 ",",","$37,379 ",",1.16",
"919,",St. Ambrose University,",","$40,300 ",",","$34,937 ",",1.15",
"920,",Alabama A&M University (AAMU),",","$44,700 ",",","$38,819 ",",1.15",
"921,",Barry University,",","$44,100 ",",","$38,342 ",",1.15",
"922,",Alabama State University (ASU),",","$37,500 ",",","$32,629 ",",1.15",
"923,",Johnson C Smith University,",","$38,300 ",",","$33,377 ",",1.15",
"924,",Husson University,",","$37,100 ",",","$32,343 ",",1.15",
"925,",Hamline University,",","$41,300 ",",","$36,006 ",",1.15",
"926,","Carroll University – Waukesha, WI",",","$37,700 ",",","$32,931 ",",1.14",
"927,","Augustana College – Rock Island, IL",",","$40,500 ",",","$35,385 ",",1.14",
"928,",Mount Vernon Nazarene University (MVNU),",","$36,600 ",",","$32,068 ",",1.14",
"929,",Davenport University,",","$41,100 ",",","$36,040 ",",1.14",
"930,",North Carolina Central University,",","$36,200 ",",","$31,747 ",",1.14",
"931,",Siena Heights University,",","$40,100 ",",","$35,176 ",",1.14",
"932,",Bloomfield College,",","$38,100 ",",","$33,443 ",",1.14",
"933,",Francis Marion University,",","$33,000 ",",","$28,979 ",",1.14",
"934,",Marietta College,",","$45,200 ",",","$39,708 ",",1.14",
"935,",Texas A&M University – Commerce Campus,",","$38,300 ",",","$33,700 ",",1.14",
"936,",Savannah College of Art and Design (SCAD),",","$40,900 ",",","$36,088 ",",1.13",
"937,",Eastern Oregon University,",","$37,800 ",",","$33,460 ",",1.13",
"938,",Kutztown University of Pennsylvania,",","$37,600 ",",","$33,376 ",",1.13",
"939,",Central State University,",","$37,700 ",",","$33,488 ",",1.13",
"940,",Medical University of South Carolina,",","$51,100 ",",","$45,456 ",",1.12",
"941,",Gustavus Adolphus College,",","$41,100 ",",","$36,636 ",",1.12",
"942,",University of New Haven,",","$48,700 ",",","$43,472 ",",1.12",
"943,",Quinnipiac University,",","$51,200 ",",","$45,711 ",",1.12",
"944,",Bridgewater College,",","$37,300 ",",","$33,326 ",",1.12",
"945,",Walsh College of Accountancy and Business Administration,",","$49,300 ",",","$44,148 ",",1.12",
"946,",University of Maine at Augusta (UMA),",","$34,400 ",",","$30,827 ",",1.12",
"947,",Endicott College,",","$43,500 ",",","$39,187 ",",1.11",
"948,",Franklin Pierce University,",","$42,700 ",",","$38,546 ",",1.11",
"949,",The College of Saint Scholastica,",","$47,400 ",",","$42,792 ",",1.11",
"950,",Cedar Crest College,",","$46,400 ",",","$41,939 ",",1.11",
"951,",Southern Nazarene University,",","$43,600 ",",","$39,592 ",",1.10",
"952,",Cabrini College,",","$39,500 ",",","$35,880 ",",1.10",
"953,",Barton College,",","$34,500 ",",","$31,376 ",",1.10",
"954,",Nazareth College of Rochester,",","$38,900 ",",","$35,396 ",",1.10",
"955,",Franklin University,",","$41,700 ",",","$37,944 ",",1.10",
"956,",Mansfield University of Pennsylvania,",","$37,100 ",",","$33,799 ",",1.10",
"957,","Sacred Heart University – Fairfield, CT",",","$50,200 ",",","$45,746 ",",1.10",
"958,","Lee University – Cleveland, TN",",","$35,200 ",",","$32,163 ",",1.09",
"959,",Curry College,",","$47,400 ",",","$43,388 ",",1.09",
"960,",Medaille College,",","$37,700 ",",","$34,672 ",",1.09",
"961,",Moore College of Art and Design,",","$35,900 ",",","$33,076 ",",1.09",
"962,",Holy Family University,",","$43,600 ",",","$40,363 ",",1.08",
"963,",Hawaii Pacific University,",","$41,600 ",",","$38,648 ",",1.08",
"964,",Art Institute of Colorado,",","$41,400 ",",","$38,572 ",",1.07",
"965,",Wingate University,",","$32,000 ",",","$29,939 ",",1.07",
"966,",Utica College,",","$44,800 ",",","$42,083 ",",1.06",
"967,",Wartburg College,",","$41,900 ",",","$39,414 ",",1.06",
"968,",Troy University,",","$38,900 ",",","$36,684 ",",1.06",
"969,","St. Catherine University – St. Paul, MN",",","$42,100 ",",","$39,748 ",",1.06",
"970,",Carlow University,",","$35,500 ",",","$33,524 ",",1.06",
"971,",Shaw University,",","$35,100 ",",","$33,148 ",",1.06",
"972,",Meredith College,",","$36,400 ",",","$34,535 ",",1.05",
"973,",South Carolina State University,",","$42,900 ",",","$40,736 ",",1.05",
"974,","Bethel University – McKenzie, TN",",","$36,200 ",",","$34,420 ",",1.05",
"975,",Alverno College,",","$40,600 ",",","$38,642 ",",1.05",
"976,",Philadelphia University,",","$42,100 ",",","$40,101 ",",1.05",
"977,",Western State College of Colorado,",","$46,000 ",",","$43,892 ",",1.05",
"978,",Grand View University (GVU),",","$39,700 ",",","$38,160 ",",1.04",
"979,",Morningside College,",","$35,900 ",",","$34,667 ",",1.04",
"980,","Culinary Institute of America (CIA) – Hyde Park, NY",",","$36,800 ",",","$35,617 ",",1.03",
"981,",Indiana Institute Of Technology,",","$43,200 ",",","$41,844 ",",1.03",
"982,",Buena Vista University,",","$35,200 ",",","$34,173 ",",1.03",
"983,",Ashland University,",","$37,700 ",",","$36,779 ",",1.03",
"984,","Clarke College – Dubuque, IA",",","$38,000 ",",","$37,200 ",",1.02",
"985,",Chicago State University (CSU),",","$40,900 ",",","$40,160 ",",1.02",
"986,",Limestone College,",","$38,200 ",",","$37,536 ",",1.02",
"987,",Chestnut Hill College,",","$36,000 ",",","$35,376 ",",1.02",
"988,",Abilene Christian University,",","$44,500 ",",","$43,841 ",",1.02",
"989,",Marywood University,",","$41,400 ",",","$41,559 ",",1.00",
"990,",Heidelberg University,",","$36,700 ",",","$36,962 ",",0.99",
"991,",College of New Rochelle,",","$36,600 ",",","$37,437 ",",0.98",
"992,",Texas Wesleyan University,",","$36,100 ",",","$37,014 ",",0.98",
"993,",Delaware Valley College,",","$38,400 ",",","$39,671 ",",0.97",
"994,",Bluffton University,",","$34,500 ",",","$35,883 ",",0.96",
"995,",Georgian Court University,",","$38,700 ",",","$40,551 ",",0.95",
"996,",Nyack College,",","$35,800 ",",","$37,577 ",",0.95",
"997,",Texas Southern University,",","$41,500 ",",","$43,600 ",",0.95",
"998,",Canisius College,",","$38,800 ",",","$40,913 ",",0.95",
"999,",Delaware State University,",","$36,600 ",",","$38,702 ",",0.95",
"1000,","King College – Bristol, TN",",","$35,600 ",",","$38,040 ",",0.94",
"1001,",Spring Arbor University,",","$33,900 ",",","$36,866 ",",0.92",
"1002,",School of the Art Institute of Chicago,",","$38,600 ",",","$42,097 ",",0.92",
"1003,",Central Methodist University,",","$39,800 ",",","$47,344 ",",0.84",
"1004,","Springfield College – Springfield, MA",",","$31,900 ",",","$41,659 ",",0.77",
